id,name,model_id:id,group_id:id,perm_read,perm_write,perm_create,perm_unlink
access_whatsapp_channel_user,whatsapp.channel.user,model_whatsapp_channel,whatsapp_whapi.group_whatsapp_user,1,0,0,0
access_whatsapp_channel_manager,whatsapp.channel.manager,model_whatsapp_channel,whatsapp_whapi.group_whatsapp_manager,1,1,1,1
access_whatsapp_chat_user,whatsapp.chat.user,model_whatsapp_chat,whatsapp_whapi.group_whatsapp_user,1,1,1,0
access_whatsapp_chat_manager,whatsapp.chat.manager,model_whatsapp_chat,whatsapp_whapi.group_whatsapp_manager,1,1,1,1
access_whatsapp_message_user,whatsapp.message.user,model_whatsapp_message,whatsapp_whapi.group_whatsapp_user,1,1,1,0
access_whatsapp_message_manager,whatsapp.message.manager,model_whatsapp_message,whatsapp_whapi.group_whatsapp_manager,1,1,1,1
access_whatsapp_contact_user,whatsapp.contact.user,model_whatsapp_contact,whatsapp_whapi.group_whatsapp_user,1,1,1,0
access_whatsapp_contact_manager,whatsapp.contact.manager,model_whatsapp_contact,whatsapp_whapi.group_whatsapp_manager,1,1,1,1
access_whatsapp_group_user,whatsapp.group.user,model_whatsapp_group,whatsapp_whapi.group_whatsapp_user,1,0,0,0
access_whatsapp_group_manager,whatsapp.group.manager,model_whatsapp_group,whatsapp_whapi.group_whatsapp_manager,1,1,1,1
access_whatsapp_group_participant_user,whatsapp.group.participant.user,model_whatsapp_group_participant,whatsapp_whapi.group_whatsapp_user,1,0,0,0
access_whatsapp_group_participant_manager,whatsapp.group.participant.manager,model_whatsapp_group_participant,whatsapp_whapi.group_whatsapp_manager,1,1,1,1
access_whatsapp_media_user,whatsapp.media.user,model_whatsapp_media,whatsapp_whapi.group_whatsapp_user,1,1,1,0
access_whatsapp_media_manager,whatsapp.media.manager,model_whatsapp_media,whatsapp_whapi.group_whatsapp_manager,1,1,1,1
access_whatsapp_newsletter_user,whatsapp.newsletter.user,model_whatsapp_newsletter,whatsapp_whapi.group_whatsapp_user,1,0,0,0
access_whatsapp_newsletter_manager,whatsapp.newsletter.manager,model_whatsapp_newsletter,whatsapp_whapi.group_whatsapp_manager,1,1,1,1
access_whatsapp_product_user,whatsapp.product.user,model_whatsapp_product,whatsapp_whapi.group_whatsapp_user,1,0,0,0
access_whatsapp_product_manager,whatsapp.product.manager,model_whatsapp_product,whatsapp_whapi.group_whatsapp_manager,1,1,1,1
access_whatsapp_collection_user,whatsapp.collection.user,model_whatsapp_collection,whatsapp_whapi.group_whatsapp_user,1,0,0,0
access_whatsapp_collection_manager,whatsapp.collection.manager,model_whatsapp_collection,whatsapp_whapi.group_whatsapp_manager,1,1,1,1
access_whatsapp_order_user,whatsapp.order.user,model_whatsapp_order,whatsapp_whapi.group_whatsapp_user,1,0,0,0
access_whatsapp_order_manager,whatsapp.order.manager,model_whatsapp_order,whatsapp_whapi.group_whatsapp_manager,1,1,1,1
access_whatsapp_presence_user,whatsapp.presence.user,model_whatsapp_presence,whatsapp_whapi.group_whatsapp_user,1,0,0,0
access_whatsapp_presence_manager,whatsapp.presence.manager,model_whatsapp_presence,whatsapp_whapi.group_whatsapp_manager,1,1,1,1
access_whatsapp_api_log_manager,whatsapp.api.log.manager,model_whatsapp_api_log,whatsapp_whapi.group_whatsapp_manager,1,0,0,1
access_whatsapp_qr_login_manager,whatsapp.qr.login.manager,model_whatsapp_qr_login,whatsapp_whapi.group_whatsapp_manager,1,1,1,1
access_whatsapp_send_message_user,whatsapp.send.message.user,model_whatsapp_send_message,whatsapp_whapi.group_whatsapp_user,1,1,1,1
access_whatsapp_check_phones_manager,whatsapp.check.phones.manager,model_whatsapp_check_phones,whatsapp_whapi.group_whatsapp_manager,1,1,1,1
